EmpID,FirstName,LastName,StartDate,ExitDate,Title,Supervisor,BusinessUnit,EmployeeStatus,EmployeeType,EmployeeClassificationType,DepartmentType,Division,JobFunctionDescription,LocationCode,LoadUser,LoadTimestamp,RowHash,Employee,RosteredCrew,OvertimeCrew
3621,Victoria,Franco,2018-11-28 00:00:00,,Production Technician I,Natalie Cannon,WBL,Active,Contract,Full-Time,Production       ,Wireless,Laborer,15586,Dave,2025-09-09 11:08:24.768614,c9ae80d8a4afc1ad9f34f3e796461f133c01865ca80827f6405a929359ef4b2d,3621 - Victoria Franco,A,C
3622,Danika,Fleming,2020-07-09 00:00:00,2021-07-10 00:00:00,Production Technician II,Christopher Ayers,SVG,Active,Part-Time,Temporary,Production       ,Field Operations,Laborer,75607,Dave,2025-09-09 11:08:24.768614,cd8a55ae4f2031dd4aa69db9c21db2aba14da78412d4d4cb8816ea4f3bb86c9f,3622 - Danika Fleming,D,B
3623,Jocelyn,Kline,2019-02-11 00:00:00,,Production Technician II,Elizabeth Burton,EW,Active,Part-Time,Full-Time,Production       ,Engineers,Engineer,47289,Dave,2025-09-09 11:08:24.768614,451a8a25cf850b059a4238192e1c9ac22679fd6290c0e21e40f2a774990cbcb7,3623 - Jocelyn Kline,B,D
3624,Cesar,Higgins,2020-01-09 00:00:00,,Production Technician II,Timothy Curtis,MSC,Active,Part-Time,Part-Time,Production       ,Technology / It,Engineer,85711,Dave,2025-09-09 11:08:24.768614,205394ad62ef44e11acc4585a6b36b48682ec077628151d17a92b7727d869019,3624 - Cesar Higgins,D,B
3627,Ruth,Harrell,2019-08-21 00:00:00,2022-10-28 00:00:00,Production Technician II,Jesse Wilson,WBL,Voluntarily Terminated,Contract,Full-Time,Production       ,Field Operations,Supervisor,52646,Dave,2025-09-09 11:08:24.768614,ef67d12f4faa7c023fc109f674476ecfed5e5055dbe98abf566b699ed1acb945,3627 - Ruth Harrell,D,B
3628,Peyton,Barber,2020-09-18 00:00:00,,Production Technician II,Megan Small,NEL,Active,Contract,Part-Time,Production       ,Engineers,Technician,56126,Dave,2025-09-09 11:08:24.768614,00318a8f158ae79d5f3a30ec89cafa2218854719a5c4644dc586a1d6278a3ccf,3628 - Peyton Barber,B,D
3630,Stephanie,Briggs,2019-02-23 00:00:00,,Production Technician I,Scott Davis,MSC,Active,Contract,Full-Time,Production       ,Field Operations,Laborer,81819,Dave,2025-09-09 11:08:24.768614,74531911e40fc7dca730ea9440d21a1ddb479a42fbb5f99b3b3fe8528fbe3655,3630 - Stephanie Briggs,B,D
3635,Kylee,Bates,2020-10-26 00:00:00,,Production Technician I,Stephen Barron,WBL,Active,Part-Time,Part-Time,Production       ,Yard (Material Handling),Runner,71593,Dave,2025-09-09 11:08:24.768614,b8f3ce6a3d673d93ec19bdc8fe71ef230da8ce42281184ba2779f1be32488c39,3635 - Kylee Bates,B,D
3636,Marc,Chandler,2020-01-29 00:00:00,,Production Technician I,Jennifer Soto,NEL,Active,Contract,Temporary,Production       ,Catv,Supervisor,10775,Dave,2025-09-09 11:08:24.768614,9ae1d6927e264a93673261bc4f04d91fd0321c0414e2e93402afab0b9cb3ce54,3636 - Marc Chandler,B,D
3641,Kiersten,Ellis,2020-02-07 00:00:00,2021-05-01 00:00:00,Production Technician I,Eric Michael,EW,Future Start,Contract,Full-Time,Production       ,General - Con,Operator,56039,Dave,2025-09-09 11:08:24.768614,220bc2f776d7344afb6ba138f6f48e6dc514c708779e2685c56bbfdcd063313b,3641 - Kiersten Ellis,B,D
3642,Karissa,Carrillo,2020-04-29 00:00:00,2021-11-12 00:00:00,Production Technician I,Alexandra Martin,MSC,Future Start,Contract,Full-Time,Production       ,Field Operations,Laborer,7474,Dave,2025-09-09 11:08:24.768614,8d5c0ae1761705d3239627cbf5fff4f840a793426d2731595fdce23e94518ded,3642 - Karissa Carrillo,D,B
3643,Issac,Whitehead,2020-04-16 00:00:00,,Production Technician I,Eric Calderon,TNS,Active,Full-Time,Full-Time,Production       ,Catv,Laborer,9287,Dave,2025-09-09 11:08:24.768614,7cb5f05d3b3e3b4f71b0d0c61347fa772de3ae76fd6e764c7af4f14f51edec70,3643 - Issac Whitehead,B,D
3645,Madyson,Rhodes,2019-07-22 00:00:00,,Production Technician I,Bridget Mills,WBL,Active,Part-Time,Full-Time,Production       ,General - Con,Technician,34428,Dave,2025-09-09 11:08:24.768614,4cebe112264f779535a3d6573e73ca90c1dd8cc33ab53d507f49c95fc03c3be2,3645 - Madyson Rhodes,A,C
3573,Jennifer,Medeiros,2020-03-09 00:00:00,2021-10-17 00:00:00,Production Technician I,Brittany Martin,NEL,Active,Contract,Full-Time,Production       ,Field Operations,Driller,2346,Dave,2025-09-09 11:08:24.768614,7444e5fe91621180592bc0e3e721a24c1c8fc7965d93a01238459ee542db0a70,3573 - Jennifer Medeiros,A,C
3577,Miguel,Estremera,2019-09-15 00:00:00,,Production Technician I,James Rodriguez,BPC,Active,Part-Time,Temporary,Production       ,Field Operations,Tower Hand,2129,Dave,2025-09-09 11:08:24.768614,c6f8a265078d8b192342db53d45109e37feb03c941f0bd881f5284ca1ce08e74,3577 - Miguel Estremera,A,C
3578,Clinton,Owad,2019-05-04 00:00:00,,Production Technician I,Elizabeth Sullivan MD,WBL,Active,Full-Time,Temporary,Production       ,Field Operations,Technician,1760,Dave,2025-09-09 11:08:24.768614,cdc94082c4076c6f52a4af55329c206b6cf01afadfeb17c55a1f7073ae6aec69,3578 - Clinton Owad,C,A
3580,Davion,Sanchez,2019-12-16 00:00:00,,Production Technician I,Kathryn Wilkinson,PYZ,Active,Full-Time,Full-Time,Production       ,Field Operations,Foreman,41016,Dave,2025-09-09 11:08:24.768614,024e7aa9163dd4d3e794b7a55202ff91a4c0cee7d79c199ccbb2ff8638784175,3580 - Davion Sanchez,B,D
3581,Ross,Strickland,2020-11-20 00:00:00,2023-05-01 00:00:00,Production Technician I,Paul Walker,SVG,Active,Full-Time,Part-Time,Production       ,Wireline Construction,Foreman,18389,Dave,2025-09-09 11:08:24.768614,5bb02d15e735cc14370c8cb5b6269f6feaf2b1ba39e10ba45cd579d0940b7c11,3581 - Ross Strickland,D,B
3582,Augustus,Drake,2020-08-19 00:00:00,2022-05-04 00:00:00,Production Technician I,Elizabeth Robertson,TNS,Active,Part-Time,Part-Time,Production       ,Yard (Material Handling),Laborer,90676,Dave,2025-09-09 11:08:24.768614,475c98952be6d9b376be8355c02f97b564aa8e661c081bcae0157e9c09e5c11c,3582 - Augustus Drake,A,C
3584,Orlando,Armstrong,2020-08-14 00:00:00,,Production Technician I,Chris Walker,BPC,Active,Contract,Full-Time,Production       ,Field Operations,Lineman,2051,Dave,2025-09-09 11:08:24.768614,bed7a8c40463ae21e8cdfc079a70369b15bf12520cc183ea84e6abc1fff57c9a,3584 - Orlando Armstrong,D,B
3589,Giovani,Roy,2019-04-25 00:00:00,,Production Technician I,Jay Bush,PL,Active,Contract,Temporary,Production       ,Field Operations,Laborer,2683,Dave,2025-09-09 11:08:24.768614,6fb2d47965fcf07d6112fe7ee02b37e593c96b9e7b8ac2129780e7eb73f96dfc,3589 - Giovani Roy,B,D
3590,Dominik,Mullen,2021-02-25 00:00:00,2022-10-13 00:00:00,Production Technician I,Jessica Allen,PYZ,Future Start,Part-Time,Full-Time,Production       ,Field Operations,Laborer,66167,Dave,2025-09-09 11:08:24.768614,b0b51214d3a6b28aa1b449ff106728ddfd4fba5bfcb2d42e51a3d4d2860b4c11,3590 - Dominik Mullen,B,D
3593,Brayden,Malone,2020-05-30 00:00:00,,Production Technician I,Ashley Bradshaw,WBL,Active,Contract,Full-Time,Production       ,General - Con,Foreman,48453,Dave,2025-09-09 11:08:24.768614,73db9d778ebf55a15396c7eeef22a555125f311ea36b4449d147f139b1085e8c,3593 - Brayden Malone,B,D
3594,Maribel,Morrison,2018-12-11 00:00:00,,Production Technician I,Ashley Meyer,PYZ,Active,Part-Time,Part-Time,Production       ,Field Operations,Technician,72888,Dave,2025-09-09 11:08:24.768614,3d770829ec5109668bed9bd70153beb960160439e07bdf4c9268d0589d6d1a42,3594 - Maribel Morrison,A,C
3595,Fisher,Stafford,2020-09-22 00:00:00,2022-09-14 00:00:00,Production Technician I,Nicole Delgado,WBL,Active,Contract,Temporary,Production       ,Engineers,Technician,56703,Dave,2025-09-09 11:08:24.768614,74e8c4b8332c256707b3899455e3bb989ec1748bd182382a5751fdd5960a9295,3595 - Fisher Stafford,B,D
3596,Kellen,Medina,2019-07-28 00:00:00,,Production Technician I,John Henry,NEL,Active,Part-Time,Full-Time,Production       ,Splicing,Technician,33998,Dave,2025-09-09 11:08:24.768614,49a1766663ca58cabf358d5b347729f9e7a804b97230966aded93d701dbad452,3596 - Kellen Medina,A,C
3597,Brenton,Monroe,2020-06-06 00:00:00,2021-04-14 00:00:00,Production Technician II,Autumn Decker,PYZ,Future Start,Contract,Part-Time,Production       ,General - Con,Foreman,17650,Dave,2025-09-09 11:08:24.768614,1dc161052bb8666abce090e763cbb11a22e4b1f8fc976fe5aed8c42af9b61feb,3597 - Brenton Monroe,B,D
3598,Derick,Rocha,2018-09-28 00:00:00,2023-08-05 00:00:00,Production Technician II,Alex Moore,SVG,Voluntarily Terminated,Part-Time,Full-Time,Production       ,Project Management - Eng,Supervisor,72750,Dave,2025-09-09 11:08:24.768614,f941264ab46db8dc56c79a9e956f9699144a8842e4673bbd01dd15044f3a4c5a,3598 - Derick Rocha,D,B
3599,Elaine,Weeks,2020-04-12 00:00:00,,Production Technician II,Dana Smith,TNS,Active,Part-Time,Temporary,Production       ,General - Con,Technician,14044,Dave,2025-09-09 11:08:24.768614,29388413e32c2c8ddedc4ea8174b8f2ef6b6cab5f2bc19f1a98b5e09b86d0ece,3599 - Elaine Weeks,D,B
3604,Kane,Owen,2019-01-16 00:00:00,2022-08-31 00:00:00,Production Technician II,Mark Hale,MSC,Active,Part-Time,Full-Time,Production       ,Field Operations,Foreman,44626,Dave,2025-09-09 11:08:24.768614,918bc6188c58022baaba5ce0cedc7f27524b26956d090c67220357e90970c12a,3604 - Kane Owen,C,A
3605,Emerson,Pitts,2019-09-18 00:00:00,,Production Technician I,Destiny Johnson,CCDR,Active,Contract,Temporary,Production       ,Engineers,Technician,2315,Dave,2025-09-09 11:08:24.768614,e5bc1b5c868f93c2d755d424ad1b2ae714c821d1b255c8e0bf8dc00c16c8b73f,3605 - Emerson Pitts,D,B
3606,Clarissa,Winters,2019-08-01 00:00:00,2023-01-20 00:00:00,Production Technician I,Eric Gonzales,SVG,Voluntarily Terminated,Part-Time,Full-Time,Production       ,Billable Consultants,Engineer,95618,Dave,2025-09-09 11:08:24.768614,e73873d1ae3adada0fc32efa01a4b2724100cc5c09e5fc22cefe7712e8d8a3d6,3606 - Clarissa Winters,C,A
3607,Frankie,Atkins,2019-06-18 00:00:00,2021-04-14 00:00:00,Production Technician I,Christopher Murray,EW,Active,Full-Time,Full-Time,Production       ,Project Management - Con,Coordinator,15195,Dave,2025-09-09 11:08:24.768614,7e1f36545dd57ed05b43b016fbb69e51ff8811a98ee5bef90be293da8c70663f,3607 - Frankie Atkins,D,B
3608,Ally,Zhang,2019-02-13 00:00:00,,Production Technician I,Ashley Williamson,MSC,Active,Full-Time,Part-Time,Production       ,Field Operations,Technician,74447,Dave,2025-09-09 11:08:24.768614,5a826123ec39b6c2566cb5439d65e5279c2d8b3a033fba7e26ba7027b15aced3,3608 - Ally Zhang,A,C
3610,Kayley,Myers,2018-10-11 00:00:00,,Production Technician I,Brian Arnold,PYZ,Active,Part-Time,Full-Time,Production       ,Field Operations,Laborer,51430,Dave,2025-09-09 11:08:24.768614,c2235bd6c1206ed2a35a1f0e452044212812b1d405e9fd0a0c03ad7b62f5e90b,3610 - Kayley Myers,D,B
3611,Rowan,Cobb,2021-03-09 00:00:00,,Production Technician I,Lori Reed,WBL,Active,Contract,Full-Time,Production       ,Project Management - Con,Technician,85651,Dave,2025-09-09 11:08:24.768614,8c1b3d90006eb81c221a1e29c886c38f5ea7010cf06b0235fbba56c703da8574,3611 - Rowan Cobb,C,A
3613,Amirah,Johnson,2019-02-24 00:00:00,,Production Technician I,Jason Owens,PL,Active,Contract,Part-Time,Production       ,Field Operations,Laborer,9241,Dave,2025-09-09 11:08:24.768614,a7105092c5051d8e3f35d4f555a8de7f03fa7950cffadc5e0ae9d2346eef1627,3613 - Amirah Johnson,C,A
3614,Bridget,Deleon,2020-01-08 00:00:00,2021-07-02 00:00:00,Production Technician I,Clifford Martinez,BPC,Active,Contract,Temporary,Production       ,Project Management - Con,Field Project Manager,23691,Dave,2025-09-09 11:08:24.768614,6fe7ee65e373ff7fd2640887a9c3e913bd85b964d09a2f7c71373df38d64ebcc,3614 - Bridget Deleon,B,D
3539,Chaz,Bruce,2019-12-08 00:00:00,,Area Sales Manager,John Johnson,BPC,Active,Full-Time,Temporary,Sales,General - Con,Foreman,74448,Dave,2025-09-09 11:08:24.768614,f66b1fcd87bae76f0c424e2053070cc9ff02d79e55458594dbab69f223aafda6,3539 - Chaz Bruce,C,A
3540,Maya,Mccann,2020-03-12 00:00:00,2022-10-09 00:00:00,Area Sales Manager,Dakota Robinson,CCDR,Active,Full-Time,Part-Time,Sales,Splicing,Supervisor,18721,Dave,2025-09-09 11:08:24.768614,7ebad9cc7a4afc024ba79032ad35ea4ed984cc2b9570bdf9a1f4b48371898ff0,3540 - Maya Mccann,B,D
3541,Aaron,Weber,2020-04-06 00:00:00,2023-07-24 00:00:00,Area Sales Manager,Melanie Garcia,SVG,Active,Full-Time,Full-Time,Sales,Field Operations,Technician,78938,Dave,2025-09-09 11:08:24.768614,34c664af36ea1af7fa95a8ef14fba78667cde45c5e755eb3412623754c1dc11f,3541 - Aaron Weber,C,A
3543,Rayne,Kerr,2020-11-10 00:00:00,,Area Sales Manager,Kimberly Cardenas,MSC,Active,Part-Time,Temporary,Sales,General - Con,Laborer,45509,Dave,2025-09-09 11:08:24.768614,1a4a8b103006091777586b0b63d3cdecccbacc2438798a18d8a70ec09271cde1,3543 - Rayne Kerr,D,B
3551,Emery,Roach,2018-08-11 00:00:00,,Area Sales Manager,Victoria Bailey,PYZ,Active,Part-Time,Part-Time,Sales,Engineers,Engineer,81142,Dave,2025-09-09 11:08:24.768614,10f24bd9cf4572f42cc8a9c6c2cc1a9c9c4494bc20251cc62741a2354070b75a,3551 - Emery Roach,C,A
3553,Khalil,Mendez,2020-01-20 00:00:00,,Area Sales Manager,Regina Martinez,NEL,Active,Contract,Temporary,Sales,Field Operations,Foreman,50379,Dave,2025-09-09 11:08:24.768614,7800f105d0c165736fc319237580fc48d417d8791e6f8daf1468c2b0afe90c63,3553 - Khalil Mendez,D,B
3554,Lizeth,Holland,2019-03-31 00:00:00,,Area Sales Manager,Tonya Martin,MSC,Active,Part-Time,Temporary,Sales,People Services,Cpo,78385,Dave,2025-09-09 11:08:24.768614,2456e89acd150348a2e2b868f5f59b19d68e11b3786cd5f1fad094a10c934044,3554 - Lizeth Holland,D,B
3557,Nicholas,Obrien,2019-02-13 00:00:00,,Area Sales Manager,Victoria Christian DDS,BPC,Active,Part-Time,Temporary,Sales,Field Operations,Operator,68837,Dave,2025-09-09 11:08:24.768614,43c9134df803a69ee0f8b83b78d032a27ad006d7a6b53bdc150ec85c5211e796,3557 - Nicholas Obrien,A,C
3558,Mildred,Gentry,2018-12-30 00:00:00,,Production Technician I,Erin Moore,MSC,Active,Part-Time,Part-Time,Production       ,Yard (Material Handling),Manager,2145,Dave,2025-09-09 11:08:24.768614,61033d2bd4c29c8b3894f8d3087faecfc1ef7e9f7f91874abd9c35c50be68842,3558 - Mildred Gentry,C,A
3562,Jean,Crimmings,2019-05-21 00:00:00,2023-01-05 00:00:00,Production Technician I,Stephen Rodriguez,CCDR,Future Start,Contract,Full-Time,Production       ,Shop (Fleet),Manager,1821,Dave,2025-09-09 11:08:24.768614,558b50ca44e30638098bfd2feceb2bc5b5c79b20059b4a8bf6b88b2a84a6ddbc,3562 - Jean Crimmings,A,C
3563,Nore,Sadki,2019-01-01 00:00:00,,Production Technician I,Patricia Carter,WBL,Active,Contract,Full-Time,Production       ,Field Operations,Driver,2148,Dave,2025-09-09 11:08:24.768614,6806e8c254ec908895de7d6b7df9fda0ca6e6ffaf9a07902fcb65001408e5d21,3563 - Nore Sadki,C,A
3570,Adrienne J,Homberger,2019-04-19 00:00:00,2021-10-26 00:00:00,Production Technician II,Brandon Miller,TNS,Voluntarily Terminated,Full-Time,Temporary,Production       ,Fielders,Engineer,2445,Dave,2025-09-09 11:08:24.768614,369a8dd48849c3b20646ce2bd91fa95f423dec4bdcda1b0eb02aba8a96d55739,3570 - Adrienne J Homberger,C,A
3451,Carlee,French,2021-02-18 00:00:00,2022-11-11 00:00:00,Area Sales Manager,Michael Bradshaw,TNS,Active,Contract,Full-Time,Sales,General - Con,Technician,71071,Dave,2025-09-09 11:08:24.768614,9be427ba70aba778ed406f8ea029bf96fdbc5dcf22189f0b7b0526666188773b,3451 - Carlee French,C,A
3457,Milton,Wall,2020-09-25 00:00:00,,Area Sales Manager,Sara Bell,PL,Active,Full-Time,Temporary,Sales,Engineers,Technician,69189,Dave,2025-09-09 11:08:24.768614,b4f1620a34c09c92430482d80f82e2b51ba96977fbf46c1af3dce0f7ccf8fa33,3457 - Milton Wall,C,A
3460,Alisa,James,2020-02-19 00:00:00,,Area Sales Manager,Dennis Henderson,SVG,Active,Full-Time,Full-Time,Sales,Aerial,Lineman,74682,Dave,2025-09-09 11:08:24.768614,494ea6374816349c614be87d2e6d7b8b16a075ea339aa72433c5bdfb0b7b5631,3460 - Alisa James,D,B
3461,Lincoln,Compton,2019-07-18 00:00:00,2021-10-01 00:00:00,Area Sales Manager,Tammy Conner,EW,Future Start,Full-Time,Part-Time,Sales,General - Con,Foreman,78046,Dave,2025-09-09 11:08:24.768614,e8cdbc0f99b1c557e2d5e48bb9c4d2dde92bd2ae041b98959de1bd6fd1940006,3461 - Lincoln Compton,A,C
3462,Aliana,Nolan,2018-09-13 00:00:00,2021-09-17 00:00:00,Area Sales Manager,Brianna Mathews,MSC,Active,Contract,Full-Time,Sales,Field Operations,Coordinator,27270,Dave,2025-09-09 11:08:24.768614,d0ea4a1d8b9bfd756fb223ff397e86dfe58cb5f5c514893b207e979adc078ea7,3462 - Aliana Nolan,D,B
3463,Kayden,Dodson,2020-04-30 00:00:00,2021-07-18 00:00:00,Area Sales Manager,Jessica Peters,TNS,Active,Part-Time,Temporary,Sales,Field Operations,Tower Hand,12703,Dave,2025-09-09 11:08:24.768614,e76a71955d62828bd28d6cec8913d32bffcff5ec2af7cd17832387f5beda5414,3463 - Kayden Dodson,D,B
3464,James,Duke,2018-12-03 00:00:00,2022-09-09 00:00:00,Area Sales Manager,Mark Harris,PYZ,Active,Contract,Full-Time,Sales,Shop (Fleet),Mechanic,66835,Dave,2025-09-09 11:08:24.768614,ebc0432c1c22131505243f717ff5663cfbe934fadb6716d734066a2281ff4818,3464 - James Duke,D,B
3467,Celia,Curtis,2020-05-06 00:00:00,,Area Sales Manager,Michael Odonnell,WBL,Active,Contract,Part-Time,Sales,Fielders,Engineer,94333,Dave,2025-09-09 11:08:24.768614,caf05d0b615455be54e4e69cec7cb1f120bdf105b24767be0462207e08b6c483,3467 - Celia Curtis,C,A
3468,Valentin,Reilly,2019-09-09 00:00:00,,Area Sales Manager,Andres Parker,NEL,Active,Contract,Temporary,Sales,Wireline Construction,Foreman,45453,Dave,2025-09-09 11:08:24.768614,c5c7f43206914f2c2429e63aac0cac9dfc2b312f15a6be892c4b41ea9cf0106b,3468 - Valentin Reilly,B,D
3469,Ryland,Shepherd,2020-07-29 00:00:00,2023-01-05 00:00:00,Area Sales Manager,James Berry,PL,Future Start,Contract,Full-Time,Sales,Field Operations,Driver,81905,Dave,2025-09-09 11:08:24.768614,f3324533b63ba167317da4652eacb20ce741b43197f602b6a0c2c22766ad5606,3469 - Ryland Shepherd,A,C
3471,Jonathan,Adkins,2020-02-29 00:00:00,,Area Sales Manager,John Marshall,CCDR,Active,Part-Time,Temporary,Sales,Field Operations,Foreman,64350,Dave,2025-09-09 11:08:24.768614,f8bb3efa99817b88e28106597562fd7eca27b048e1026ca84d6d7bb6bd6fc333,3471 - Jonathan Adkins,B,D
3474,Arely,Patton,2020-03-09 00:00:00,,Area Sales Manager,Andrew Goodman,MSC,Active,Full-Time,Temporary,Sales,Catv,Laborer,34481,Dave,2025-09-09 11:08:24.768614,f08fb2b86fdf91ad6c8c0e935b6f5523b43bf20ef0ead715fc6479f7bd07df64,3474 - Arely Patton,D,B
3477,Sonny,Horne,2019-04-07 00:00:00,,Area Sales Manager,Nancy Johnson,PYZ,Active,Part-Time,Full-Time,IT/IS,Aerial,Laborer,16058,Dave,2025-09-09 11:08:24.768614,d4cf13fc5d381b7516e73b7524e813bcb50e0230ff2d984f26d7e1f62d58a9f9,3477 - Sonny Horne,D,B
3506,Laila,Woodard,2019-08-27 00:00:00,2023-05-10 00:00:00,Area Sales Manager,Jordan Vega,MSC,Active,Full-Time,Temporary,Sales,Field Operations,Technician,38740,Dave,2025-09-09 11:08:24.768614,fd59c319be1cd7ce412e00f09033edda7ea42f8c6a3db485a8be7529593cf9e6,3506 - Laila Woodard,A,C
3507,Ivan,Huff,2021-02-25 00:00:00,2023-04-07 00:00:00,Area Sales Manager,John Miller,TNS,Active,Full-Time,Full-Time,Sales,Project Management - Con,Manager,9437,Dave,2025-09-09 11:08:24.768614,1ca0208789faedefdb0e9f5bdef33062ec7a5923b58ee7858b57d231ee56219a,3507 - Ivan Huff,A,C
3510,Raven,Koch,2020-02-10 00:00:00,,Area Sales Manager,Jennifer King,PYZ,Active,Part-Time,Full-Time,Sales,General - Con,Laborer,65329,Dave,2025-09-09 11:08:24.768614,0fed07a901e3c82788a5bfc476981957d2e5c88d7cd7a876af4266cacf6bd58f,3510 - Raven Koch,C,A
3514,Alexus,Estes,2020-04-15 00:00:00,,Area Sales Manager,April Randolph,BPC,Active,Full-Time,Part-Time,Sales,Wireline Construction,Manager,17419,Dave,2025-09-09 11:08:24.768614,bb566dbafc83a10d77026342cad9130fb0a4ce9f0df5b9803416d1b3e5a6973f,3514 - Alexus Estes,C,A
3517,Milagros,Francis,2020-02-19 00:00:00,,Area Sales Manager,Caleb Schneider,EW,Active,Part-Time,Part-Time,Sales,Splicing,Splicer,44469,Dave,2025-09-09 11:08:24.768614,9b452fa4bb7634591452e4a50f8c5b52badee8b3bdd5835997cc52df20488c75,3517 - Milagros Francis,C,A
3520,Caiden,Munoz,2020-12-13 00:00:00,2023-01-13 00:00:00,Area Sales Manager,Teresa Daniel,TNS,Active,Full-Time,Temporary,Sales,Project Management - Con,Manager,18983,Dave,2025-09-09 11:08:24.768614,e7a7be518b2a230e170f1ca99c908926c41fc02ca1d122b118d6482beabf02de,3520 - Caiden Munoz,B,D
3521,Jocelyn,Bradford,2019-02-26 00:00:00,,Area Sales Manager,Melissa Decker,WBL,Active,Contract,Part-Time,Sales,General - Con,Electrician,51795,Dave,2025-09-09 11:08:24.768614,6cfc9506cfc6a42a761442b300d771bd0438797c4fafa86b26b7cd644b283855,3521 - Jocelyn Bradford,D,B
3522,Marques,Armstrong,2020-03-02 00:00:00,,Area Sales Manager,Michael Nguyen,BPC,Active,Full-Time,Part-Time,Sales,Splicing,Splicer,34369,Dave,2025-09-09 11:08:24.768614,0ace7e3cc666f31d85cc7d827e1074198d7bb5da4a2ab298254530b5dd6bf648,3522 - Marques Armstrong,D,B
3527,Ahmed,Hawkins,2020-05-01 00:00:00,2021-02-25 00:00:00,Area Sales Manager,Hannah Snyder,PL,Active,Full-Time,Temporary,Sales,Aerial,Lineman,46645,Dave,2025-09-09 11:08:24.768614,e100464b5a509399fef7beeb6ab68efd0308cedc075d78e176a08d8ede32eb28,3527 - Ahmed Hawkins,D,B
3530,Zariah,Black,2019-11-13 00:00:00,,Area Sales Manager,Jenna Weaver,TNS,Active,Full-Time,Part-Time,Sales,Field Operations,Tower Hand,62321,Dave,2025-09-09 11:08:24.768614,2c153e1ce359cfc68c6cd67440d6028e026b44c00116174bf13ce62f39fc9c7b,3530 - Zariah Black,D,B
3534,Lee,Frye,2018-09-14 00:00:00,,Area Sales Manager,Sonia Diaz,TNS,Active,Full-Time,Full-Time,Sales,Engineers,Engineer,97002,Dave,2025-09-09 11:08:24.768614,4959f69d8bb333da295a112d08cf0246958dbf5db68b72d1ca788279e56da99e,3534 - Lee Frye,C,A
3535,Veronica,Rowe,2018-12-11 00:00:00,2022-06-02 00:00:00,Area Sales Manager,Brian Morton,PYZ,Active,Full-Time,Temporary,Sales,Fielders,Engineer,29811,Dave,2025-09-09 11:08:24.768614,22e1fe6df924f2366c09923a584675283cf4813678a3414ff0e6ed33a27cc092,3535 - Veronica Rowe,B,D
3538,Keith,Baxter,2019-06-16 00:00:00,2022-03-05 00:00:00,Area Sales Manager,Diane Parker,PL,Future Start,Part-Time,Part-Time,Sales,Fielders,Engineer,62328,Dave,2025-09-09 11:08:24.768614,303c58e8e929f1bbfaf571fb984c9b2a70a9b32d597e27dd29cedd17b722727c,3538 - Keith Baxter,B,D
3427,Uriah,Bridges,2019-09-20 00:00:00,,Production Technician I,Peter Oneill,CCDR,Active,Contract,Temporary,Production       ,Finance & Accounting,Accounting,34904,Dave,2025-09-09 11:08:24.768614,bd232a96d579ef5a6160a16775381f2b4f47b3ccc4b9cc12e63822ddaa130569,3427 - Uriah Bridges,C,A
3429,Edward,Buck,2018-12-10 00:00:00,,Area Sales Manager,Crystal Walker,PL,Active,Full-Time,Part-Time,Sales,General - Sga,Assistant,2330,Dave,2025-09-09 11:08:24.768614,07fd41f9dc0fe35bbe05b2ac701892e69daefb5b1b6266c808353db4f71d574c,3429 - Edward Buck,D,B
3431,Jasmine,Onque,2019-06-29 00:00:00,,Area Sales Manager,Jason Kim,TNS,Active,Contract,Temporary,Sales,General - Con,Laborer,33174,Dave,2025-09-09 11:08:24.768614,3f588b4831cc4090fec00077e8e0d0df64d6132e01f8b1f5774523516f9e8f2b,3431 - Jasmine Onque,A,C
3432,Maruk,Fraval,2020-01-17 00:00:00,,Area Sales Manager,Sheri Campos,BPC,Active,Contract,Full-Time,Sales,Field Operations,Driver,6050,Dave,2025-09-09 11:08:24.768614,609000711266cd7e7cf4dbf08f4fc1e831ec2a398d55fed37ea4d039b850c235,3432 - Maruk Fraval,C,A
3434,Sharlene,Terry,2020-11-06 00:00:00,2023-01-29 00:00:00,Area Sales Manager,Tracy Marquez,CCDR,Active,Contract,Full-Time,Sales,Engineers,Engineer,97756,Dave,2025-09-09 11:08:24.768614,ca1eae9e9953caa3753dc5cc9ee274ee4bea582fb2d67ccc69a07c8f8554f66c,3434 - Sharlene Terry,C,A
3435,Jac,McKinzie,2018-08-18 00:00:00,,Area Sales Manager,Sharon Becker,NEL,Active,Contract,Part-Time,Sales,Executive,Executive Assistant,78789,Dave,2025-09-09 11:08:24.768614,4e6480d6d6ce5d8c1628ee58b99385fd2e34c5b18c8a13d4b29bc27fce1fef78,3435 - Jac McKinzie,D,B
3440,Xana,Potts,2019-12-05 00:00:00,2023-02-17 00:00:00,Area Sales Manager,Gregory Walker,CCDR,Active,Contract,Full-Time,Sales,Finance & Accounting,Controller,40220,Dave,2025-09-09 11:08:24.768614,7b52c1cd6bfa994225952295015b2f7cee417794ef090cab57addb115532236e,3440 - Xana Potts,A,C
3441,Prater,Jeremy,2019-04-28 00:00:00,,Area Sales Manager,Tyler Lewis,BPC,Active,Part-Time,Part-Time,Sales,General - Con,Lineman,89139,Dave,2025-09-09 11:08:24.768614,acbdd086dec70f585860c68a22e982018ce58d65bbc825b33eb3cac3bc21c493,3441 - Prater Jeremy,A,C
3442,Kaylah,Moon,2019-07-09 00:00:00,2022-06-16 00:00:00,Area Sales Manager,Ashley Scott,PYZ,Active,Full-Time,Full-Time,IT/IS,Field Operations,Laborer,2810,Dave,2025-09-09 11:08:24.768614,c0231e2eb7caf9638eb97f8d6a23c3e62f6d10587603a0bd9f1f684fce05d85c,3442 - Kaylah Moon,C,A
3445,Reid,Park,2021-01-16 00:00:00,,Area Sales Manager,Michelle Mitchell,PL,Active,Contract,Full-Time,Sales,Project Management - Con,Supervisor,5360,Dave,2025-09-09 11:08:24.768614,a1e5c92807e4ce3f598624f06e7de18fb20c8423d5993194941e614c532061e7,3445 - Reid Park,B,D
3447,Mariela,Schultz,2020-05-26 00:00:00,2023-06-18 00:00:00,Area Sales Manager,Michelle Evans MD,CCDR,Future Start,Part-Time,Part-Time,Sales,General - Con,Technician,43481,Dave,2025-09-09 11:08:24.768614,f776fd3b67be87c998f4ab283db15a8c98af1b8f9aab1a4a3fe0d827587d5478,3447 - Mariela Schultz,C,A
3450,Reilly,Moyer,2020-09-01 00:00:00,2022-12-04 00:00:00,Area Sales Manager,Stanley Harvey,MSC,Active,Contract,Temporary,Sales,Field Operations,Operator,11765,Dave,2025-09-09 11:08:24.768614,9da801ae935a1907ac12ddf9db3e8b7b4edf1a00792e8825081c5794038d21d6,3450 - Reilly Moyer,C,A
3481,Leland,Allen,2019-03-07 00:00:00,2021-05-31 00:00:00,Area Sales Manager,Brandon Harris,BPC,Future Start,Full-Time,Part-Time,Sales,Wireline Construction,Splicer,61149,Dave,2025-09-09 11:08:24.768614,d82322ab5d6a2d725bf45d5b9e9b5ac078d0c38c0c3cb173759b539a8a1839fe,3481 - Leland Allen,B,D
3482,Cristal,Bolton,2019-10-29 00:00:00,2021-02-07 00:00:00,Area Sales Manager,Matthew Flores,CCDR,Future Start,Full-Time,Temporary,Sales,Catv,Lineman,57302,Dave,2025-09-09 11:08:24.768614,34ed3b903603a599ec75bd45db3fd5b35cd654fea1e458e2b03169e50545f34c,3482 - Cristal Bolton,B,D
3484,Albert,Gonzalez,2018-08-29 00:00:00,,Area Sales Manager,Amber Hernandez,EW,Active,Part-Time,Full-Time,Sales,General - Con,Model Assistant,64036,Dave,2025-09-09 11:08:24.768614,a1641201f91a51f4e9ca6dd450d7f1dbe8eceefa89baff2e447908bd2abb2fbf,3484 - Albert Gonzalez,B,D
3490,Weston,Preston,2019-02-11 00:00:00,,Area Sales Manager,Crystal Wallace,MSC,Active,Part-Time,Part-Time,Sales,General - Sga,Director,37965,Dave,2025-09-09 11:08:24.768614,e58949afa64b50386a6d4204c7382fe1b7b42161231b90afb06b053154fd4cca,3490 - Weston Preston,D,B
3491,Lennon,Buchanan,2021-01-26 00:00:00,,Area Sales Manager,Tina Nelson,NEL,Active,Contract,Full-Time,Sales,Field Operations,Driver,39504,Dave,2025-09-09 11:08:24.768614,63bd378a8249cd6a7f1fc1604ff0d4b1d1816747f66d178864c2ae3150470a92,3491 - Lennon Buchanan,D,B
3492,Vicente,Merritt,2019-11-26 00:00:00,,Area Sales Manager,Ashley Smith,PL,Active,Full-Time,Full-Time,Sales,General - Con,Clerk,31676,Dave,2025-09-09 11:08:24.768614,31b4e22b4f1e390002f492aea26ed1866d33b16a5c075ad253e50aefa3814f71,3492 - Vicente Merritt,A,C
3493,Hugo,Clay,2019-07-15 00:00:00,,Area Sales Manager,Eric Taylor,PYZ,Active,Full-Time,Full-Time,Sales,Project Management - Con,Project Manager,28784,Dave,2025-09-09 11:08:24.768614,d6f1fa4e5458735cce39ba1a4694c33f9cb3813a4dfc552613eb1812b4c0f6e9,3493 - Hugo Clay,A,C
3494,Cohen,Raymond,2020-06-18 00:00:00,,Area Sales Manager,Jacob Snyder,SVG,Active,Contract,Full-Time,Sales,General - Con,Technician,90983,Dave,2025-09-09 11:08:24.768614,3ad69457456ef2e742891a345d119554bd13b90154d74979d1e282cb6dff9ba5,3494 - Cohen Raymond,D,B
3499,Maci,Frost,2018-09-25 00:00:00,2021-12-20 00:00:00,Area Sales Manager,Patrick Daniel,WBL,Active,Part-Time,Temporary,Sales,Field Operations,Technician,61457,Dave,2025-09-09 11:08:24.768614,f304711389ece05aabce3fa6603d73ce544c89627ba8450324d584038421a693,3499 - Maci Frost,B,D
3501,Garrett,Zimmerman,2020-08-30 00:00:00,2022-08-30 00:00:00,Area Sales Manager,Destiny Hopkins,PL,Future Start,Part-Time,Part-Time,Sales,General - Con,Technician,6240,Dave,2025-09-09 11:08:24.768614,4eff1c30f7428f13541c347a2b11b4e30968a6558e78e5cf7f10613cdbccf1db,3501 - Garrett Zimmerman,B,D
3502,Eugene,Marks,2019-10-01 00:00:00,,Area Sales Manager,Angela Morris,BPC,Active,Full-Time,Temporary,Sales,Splicing,Electrician,49914,Dave,2025-09-09 11:08:24.768614,ab1b908bd7433592910b7811b2a31e743764c63c4a3f692e98b0eb5f7cae669f,3502 - Eugene Marks,A,C
3505,Amaya,Hicks,2020-08-29 00:00:00,,Area Sales Manager,Michael Wilkins,EW,Active,Contract,Temporary,Sales,Field Operations,Groundman,72324,Dave,2025-09-09 11:08:24.768614,58a11f1854cbc9872df680d4c4cdfbb941f1ca4bfa97cf8d49095c41a40a89a1,3505 - Amaya Hicks,D,B
